{"title":"simple_quarto_website","markdown":{"yaml":{"title":"simple_quarto_website"},"headingText":"Introduction","containsRefs":false,"markdown":"\n\nThis is a Quarto website.\n\nTo learn more about Quarto websites visit <https://quarto.org/docs/websites>.\n\nCoconuts are one of the most versatile fruits in the world. They are primarily grown in tropical regions and are used in a variety of products ranging from food to cosmetics.\n\n## Overview\nCoconuts have been cultivated for thousands of years. In addition to being consumed as food, coconuts provide oil, fiber, and even building materials.\n\n### Key Insights\nNutritional value: Coconuts are rich in fats, particularly medium-chain triglycerides (MCTs), which are beneficial for health.\n\n\n## Two Columns Example\n\n::: { .columns }\n:::: {.column width=\"50%\"}\n### Column 1\nCoconuts are used in a wide range of products:\n\nCoconut oil for cooking and skincare\nCoconut water as a natural beverage\nCoconut husks for rope and building materials\n::: \n\n:::: {.column width=\"50%\"}\n### Column 2\nSome common products derived from coconuts include:\n\nCoconut milk for cooking\nDesiccated coconut for baking\nCoconut oil-based cosmetics\n:::\n:::\n## Key Takeaways\n\n- Coconuts are a versatile fruit with a wide range of uses.\n- Indonesia, the Philippines, and India are the largest producers of coconuts.\n- Coconut oil has many health benefits due to its unique fat composition.\n## Sample Table\n\n|Coconut Producing Country   | Production     | Global Rank    |\n| ----------- | ----------- | ----------- |\n| Indonesia | 18.3 | 1 |\n| Philippines | 14.3 | 2 |\n## Inline Math Example\n\nThe equation for the area of a circle is $A = \\pi r^2$.\n\n\n## Math Example\nThe equation for the volume of a coconut (assuming it’s roughly spherical) is \n\n$$ \nV = \\frac{4}{3} \\pi r^3$.\n$$\n\n### Footnote Example\n\nCoconuts are often referred to as the \"Tree of Life\" due to their vast range of uses.[^1]\n\n[^1]: Coconuts provide food, oil, and building materials, making them essential in many tropical cultures.\n\n### Quote Example\n\n> \"This is an insightful quote that adds value.\"\n\n### Image Examples\n![First Image](slides/coconut1.png)  \n![Second Image](images/coconut2.png)\n\n### Video Example\n\n<iframe width=\"560\" height=\"315\" src=\"https://www.youtube.com/embed/ci3lKBIXQEo\" frameborder=\"0\" allow=\"accelerometer; autoplay; clipboard-write; encrypted-media; gyroscope; picture-in-picture\" allowfullscreen></iframe>\n\n\n### Mermaid Diagram Example\n\n```{mermaid}\ngraph TD;\n   A[Harvesting] --> B[Processing];\n    B --> C{Coconut Products};\n    C -->|Oil| D[Cosmetic Industry];\n    C -->|Milk| E[Food Industry];\n    D --> F[End];\n    E --> F[End];\n```\n\n\n#### Add Citations:\n- Include a citation from your `reference.bib` file:\n  ```markdown\n\n\n  This is an example citation from a scholarly article [@example1].\n  ```\n\n","srcMarkdownNoYaml":"\n\nThis is a Quarto website.\n\nTo learn more about Quarto websites visit <https://quarto.org/docs/websites>.\n\n# Introduction\nCoconuts are one of the most versatile fruits in the world. They are primarily grown in tropical regions and are used in a variety of products ranging from food to cosmetics.\n\n## Overview\nCoconuts have been cultivated for thousands of years. In addition to being consumed as food, coconuts provide oil, fiber, and even building materials.\n\n### Key Insights\nNutritional value: Coconuts are rich in fats, particularly medium-chain triglycerides (MCTs), which are beneficial for health.\n\n\n## Two Columns Example\n\n::: { .columns }\n:::: {.column width=\"50%\"}\n### Column 1\nCoconuts are used in a wide range of products:\n\nCoconut oil for cooking and skincare\nCoconut water as a natural beverage\nCoconut husks for rope and building materials\n::: \n\n:::: {.column width=\"50%\"}\n### Column 2\nSome common products derived from coconuts include:\n\nCoconut milk for cooking\nDesiccated coconut for baking\nCoconut oil-based cosmetics\n:::\n:::\n## Key Takeaways\n\n- Coconuts are a versatile fruit with a wide range of uses.\n- Indonesia, the Philippines, and India are the largest producers of coconuts.\n- Coconut oil has many health benefits due to its unique fat composition.\n## Sample Table\n\n|Coconut Producing Country   | Production     | Global Rank    |\n| ----------- | ----------- | ----------- |\n| Indonesia | 18.3 | 1 |\n| Philippines | 14.3 | 2 |\n## Inline Math Example\n\nThe equation for the area of a circle is $A = \\pi r^2$.\n\n\n## Math Example\nThe equation for the volume of a coconut (assuming it’s roughly spherical) is \n\n$$ \nV = \\frac{4}{3} \\pi r^3$.\n$$\n\n### Footnote Example\n\nCoconuts are often referred to as the \"Tree of Life\" due to their vast range of uses.[^1]\n\n[^1]: Coconuts provide food, oil, and building materials, making them essential in many tropical cultures.\n\n### Quote Example\n\n> \"This is an insightful quote that adds value.\"\n\n### Image Examples\n![First Image](slides/coconut1.png)  \n![Second Image](images/coconut2.png)\n\n### Video Example\n\n<iframe width=\"560\" height=\"315\" src=\"https://www.youtube.com/embed/ci3lKBIXQEo\" frameborder=\"0\" allow=\"accelerometer; autoplay; clipboard-write; encrypted-media; gyroscope; picture-in-picture\" allowfullscreen></iframe>\n\n\n### Mermaid Diagram Example\n\n```{mermaid}\ngraph TD;\n   A[Harvesting] --> B[Processing];\n    B --> C{Coconut Products};\n    C -->|Oil| D[Cosmetic Industry];\n    C -->|Milk| E[Food Industry];\n    D --> F[End];\n    E --> F[End];\n```\n\n\n#### Add Citations:\n- Include a citation from your `reference.bib` file:\n  ```markdown\n\n\n  This is an example citation from a scholarly article [@example1].\n  ```\n\n"},"formats":{"html":{"identifier":{"display-name":"HTML","target-format":"html","base-format":"html"},"execute":{"fig-width":7,"fig-height":5,"fig-format":"retina","fig-dpi":96,"df-print":"default","error":false,"eval":true,"cache":null,"freeze":false,"echo":true,"output":true,"warning":true,"include":true,"keep-md":false,"keep-ipynb":false,"ipynb":null,"enabled":null,"daemon":null,"daemon-restart":false,"debug":false,"ipynb-filters":[],"ipynb-shell-interactivity":null,"plotly-connected":true,"engine":"markdown"},"render":{"keep-tex":false,"keep-typ":false,"keep-source":false,"keep-hidden":false,"prefer-html":false,"output-divs":true,"output-ext":"html","fig-align":"default","fig-pos":null,"fig-env":null,"code-fold":"none","code-overflow":"scroll","code-link":false,"code-line-numbers":false,"code-tools":false,"tbl-colwidths":"auto","merge-includes":true,"inline-includes":false,"preserve-yaml":false,"latex-auto-mk":true,"latex-auto-install":true,"latex-clean":true,"latex-min-runs":1,"latex-max-runs":10,"latex-makeindex":"makeindex","latex-makeindex-opts":[],"latex-tlmgr-opts":[],"latex-input-paths":[],"latex-output-dir":null,"link-external-icon":false,"link-external-newwindow":false,"self-contained-math":false,"format-resources":[],"notebook-links":true},"pandoc":{"standalone":true,"wrap":"none","default-image-extension":"png","to":"html","toc":true,"output-file":"index.html"},"language":{"toc-title-document":"Table of contents","toc-title-website":"On this page","related-formats-title":"Other Formats","related-notebooks-title":"Notebooks","source-notebooks-prefix":"Source","other-links-title":"Other Links","code-links-title":"Code Links","launch-dev-container-title":"Launch Dev Container","launch-binder-title":"Launch Binder","article-notebook-label":"Article Notebook","notebook-preview-download":"Download Notebook","notebook-preview-download-src":"Download Source","notebook-preview-back":"Back to Article","manuscript-meca-bundle":"MECA Bundle","section-title-abstract":"Abstract","section-title-appendices":"Appendices","section-title-footnotes":"Footnotes","section-title-references":"References","section-title-reuse":"Reuse","section-title-copyright":"Copyright","section-title-citation":"Citation","appendix-attribution-cite-as":"For attribution, please cite this work as:","appendix-attribution-bibtex":"BibTeX citation:","appendix-view-license":"View License","title-block-author-single":"Author","title-block-author-plural":"Authors","title-block-affiliation-single":"Affiliation","title-block-affiliation-plural":"Affiliations","title-block-published":"Published","title-block-modified":"Modified","title-block-keywords":"Keywords","callout-tip-title":"Tip","callout-note-title":"Note","callout-warning-title":"Warning","callout-important-title":"Important","callout-caution-title":"Caution","code-summary":"Code","code-tools-menu-caption":"Code","code-tools-show-all-code":"Show All Code","code-tools-hide-all-code":"Hide All Code","code-tools-view-source":"View Source","code-tools-source-code":"Source Code","tools-share":"Share","tools-download":"Download","code-line":"Line","code-lines":"Lines","copy-button-tooltip":"Copy to Clipboard","copy-button-tooltip-success":"Copied!","repo-action-links-edit":"Edit this page","repo-action-links-source":"View source","repo-action-links-issue":"Report an issue","back-to-top":"Back to top","search-no-results-text":"No results","search-matching-documents-text":"matching documents","search-copy-link-title":"Copy link to search","search-hide-matches-text":"Hide additional matches","search-more-match-text":"more match in this document","search-more-matches-text":"more matches in this document","search-clear-button-title":"Clear","search-text-placeholder":"","search-detached-cancel-button-title":"Cancel","search-submit-button-title":"Submit","search-label":"Search","toggle-section":"Toggle section","toggle-sidebar":"Toggle sidebar navigation","toggle-dark-mode":"Toggle dark mode","toggle-reader-mode":"Toggle reader mode","toggle-navigation":"Toggle navigation","crossref-fig-title":"Figure","crossref-tbl-title":"Table","crossref-lst-title":"Listing","crossref-thm-title":"Theorem","crossref-lem-title":"Lemma","crossref-cor-title":"Corollary","crossref-prp-title":"Proposition","crossref-cnj-title":"Conjecture","crossref-def-title":"Definition","crossref-exm-title":"Example","crossref-exr-title":"Exercise","crossref-ch-prefix":"Chapter","crossref-apx-prefix":"Appendix","crossref-sec-prefix":"Section","crossref-eq-prefix":"Equation","crossref-lof-title":"List of Figures","crossref-lot-title":"List of Tables","crossref-lol-title":"List of Listings","environment-proof-title":"Proof","environment-remark-title":"Remark","environment-solution-title":"Solution","listing-page-order-by":"Order By","listing-page-order-by-default":"Default","listing-page-order-by-date-asc":"Oldest","listing-page-order-by-date-desc":"Newest","listing-page-order-by-number-desc":"High to Low","listing-page-order-by-number-asc":"Low to High","listing-page-field-date":"Date","listing-page-field-title":"Title","listing-page-field-description":"Description","listing-page-field-author":"Author","listing-page-field-filename":"File Name","listing-page-field-filemodified":"Modified","listing-page-field-subtitle":"Subtitle","listing-page-field-readingtime":"Reading Time","listing-page-field-wordcount":"Word Count","listing-page-field-categories":"Categories","listing-page-minutes-compact":"{0} min","listing-page-category-all":"All","listing-page-no-matches":"No matching items","listing-page-words":"{0} words","listing-page-filter":"Filter","draft":"Draft"},"metadata":{"lang":"en","fig-responsive":true,"quarto-version":"1.5.41","theme":"cosmo","title":"simple_quarto_website"},"extensions":{"book":{"multiFile":true}}}},"projectFormats":["html"]}